sex,age,APOE.a1,APOE.a2,apoe4,R6.a1,R6.a2,N4.a1,N4.a2,N6.a1,N6.a2,N11.a1,N11.a2,N15.a1,N15.a2,N18.a1,N18.a2,N22.a1,N22.a2,N24.a1,N24.a2
2,65,4,4,1,1,1,1,1,1,1,1,2,1,1,1,2,1,1,1,2
2,93,3,3,0,1,1,1,1,1,1,1,1,1,1,1,1,1,1,1,1
1,75,2,3,0,1,1,1,1,1,1,1,1,1,1,1,1,1,1,1,2
2,75,2,4,1,1,1,1,2,1,1,1,1,1,2,1,1,1,1,1,2
1,89,3,3,0,1,1,1,1,1,1,1,1,1,1,1,1,1,1,1,1
1,77,2,3,0,1,1,1,1,1,1,1,2,1,1,1,1,1,1,1,2
1,65,3,3,0,1,1,1,1,1,1,1,1,1,1,1,1,1,1,1,2
2,76,3,4,1,1,1,1,2,1,1,1,1,1,1,1,1,1,1,1,1
2,76,3,3,0,1,1,1,1,1,1,1,1,1,1,1,1,1,1,1,1
2,94,3,3,0,1,1,1,1,1,1,1,1,1,1,1,1,1,1,2,2
2,93,2,3,0,1,1,1,1,1,1,1,1,1,1,1,1,1,1,1,2
1,78,3,4,1,1,1,1,1,1,1,1,1,1,1,1,1,1,1,1,1
1,75,3,3,0,1,1,1,1,1,1,1,1,1,2,1,1,1,1,1,1
1,72,3,4,1,1,1,1,1,1,1,1,1,1,1,1,1,1,1,1,1
2,85,3,3,0,1,1,1,1,1,1,1,1,1,1,1,1,1,1,1,1
1,64,3,3,0,1,1,1,1,1,1,1,1,1,1,1,1,1,1,1,2
2,90,3,3,0,1,1,1,1,1,1,1,1,1,1,1,1,1,1,1,2
1,73,2,4,1,1,1,1,2,1,1,1,1,1,1,1,1,1,1,1,2
2,78,3,3,0,1,1,1,1,1,1,1,1,1,1,1,1,1,1,1,1
1,83,3,3,0,1,2,1,1,1,1,1,1,1,2,1,2,1,2,2,2
2,65,3,3,0,1,1,1,1,1,1,1,1,1,1,1,1,1,1,1,1
2,64,3,4,1,1,1,1,1,1,1,1,1,1,1,1,2,1,1,1,2
2,61,3,3,0,1,1,1,2,1,1,1,2,1,1,1,1,1,1,1,2
1,79,3,3,0,1,1,1,1,1,1,1,2,1,1,1,1,1,1,1,2
1,82,3,3,0,1,1,1,2,1,1,1,1,1,1,1,1,1,1,1,2
1,68,3,3,0,1,1,2,2,1,1,1,1,1,1,1,2,1,1,1,1
2,92,2,3,0,1,1,1,1,1,1,1,1,1,1,1,1,1,1,1,2
2,78,3,3,0,1,1,1,1,1,1,1,1,1,1,1,1,1,1,1,1
2,71,3,3,0,1,1,1,1,1,1,1,1,1,1,1,1,1,1,1,1
2,78,2,3,0,1,1,1,1,1,1,1,1,1,1,1,1,1,1,1,2
1,85,3,3,0,1,2,1,1,1,1,1,2,1,1,1,2,1,1,1,2
2,70,3,3,0,1,1,1,1,1,1,1,1,1,1,1,1,1,1,1,1
2,58,2,4,1,1,1,1,1,1,1,1,1,1,1,1,1,1,1,1,2
2,86,2,3,0,1,1,1,1,1,1,1,1,1,1,1,1,1,1,1,2
2,65,3,3,0,1,1,1,1,1,1,1,1,1,1,1,1,1,1,1,2
2,73,3,3,0,1,1,1,1,1,1,1,1,1,1,1,1,1,1,1,2
2,75,3,3,0,1,1,1,1,1,1,1,1,1,1,1,1,1,1,1,2
2,90,3,3,0,1,1,1,1,1,1,1,1,1,2,1,1,1,1,1,1
2,91,3,3,0,1,1,1,1,1,1,1,1,1,1,1,1,1,1,2,2
2,89,2,3,0,1,1,1,1,1,1,1,1,1,1,1,1,1,1,1,1
1,76,3,3,0,1,1,1,1,1,1,1,1,1,1,1,1,1,1,1,1
1,65,3,3,0,1,1,1,1,1,1,1,1,1,1,1,1,1,1,1,1
2,71,2,3,0,1,1,1,1,1,1,1,1,1,1,1,1,1,2,2,2
1,90,3,3,0,1,1,1,1,1,1,1,1,1,1,1,1,1,1,1,2
1,76,3,4,1,1,1,1,1,1,1,1,1,1,1,1,1,1,1,1,1
1,87,3,3,0,1,1,1,1,1,1,1,1,1,1,1,1,1,1,2,2
1,76,3,3,0,1,1,1,1,1,1,1,1,1,1,1,1,1,1,2,2
1,68,2,3,0,1,1,1,2,1,1,1,2,1,1,1,1,1,1,1,1
1,70,3,3,0,1,1,1,1,1,1,1,1,1,1,1,1,1,1,1,1
2,65,4,4,1,1,1,1,1,1,1,1,1,1,1,1,1,1,1,1,1
1,74,2,3,0,1,1,1,1,1,1,1,1,1,1,1,1,1,1,1,1
1,65,3,4,1,1,1,1,1,1,1,1,1,1,1,1,1,1,1,1,2
1,88,3,3,0,1,1,1,1,1,1,1,1,1,1,1,1,1,1,1,1
1,67,2,3,0,1,1,1,1,1,1,1,1,1,1,1,1,1,1,2,2
2,73,2,3,0,1,1,1,2,1,1,1,2,1,1,1,1,1,1,1,2
2,78,2,3,0,1,1,1,1,1,1,1,1,1,1,1,1,1,1,1,1
2,66,3,3,0,1,1,1,1,1,1,1,1,1,1,1,1,1,1,1,1
1,68,3,3,0,1,1,1,1,1,1,1,1,1,1,1,1,1,1,1,1
2,77,3,3,0,1,1,1,1,1,1,1,1,1,1,1,1,1,1,1,2
1,76,3,3,0,1,1,1,1,1,1,1,1,1,1,1,1,1,1,1,1
1,75,3,3,0,1,1,1,2,1,1,1,1,1,2,1,1,1,1,1,2
2,96,3,3,0,1,1,1,1,1,1,1,1,1,1,1,1,1,1,2,2
2,91,3,3,0,1,1,1,1,1,1,1,1,1,1,1,1,1,1,1,1
2,74,3,3,0,1,1,1,1,1,1,1,1,1,1,1,1,1,1,1,2
1,63,3,3,0,1,1,1,1,1,1,1,1,1,1,1,1,1,1,1,1
2,81,3,3,0,1,1,1,1,1,1,1,1,1,1,1,1,1,2,1,2
2,70,3,3,0,1,2,1,1,1,1,1,1,1,1,1,1,1,1,1,2
1,71,2,3,0,1,1,1,1,1,1,1,1,1,1,1,1,1,1,1,1
2,87,3,3,0,1,1,1,1,1,1,1,1,1,2,1,2,1,1,1,2
2,74,3,3,0,1,1,1,1,1,1,1,1,1,1,1,1,1,1,1,2
1,80,3,3,0,1,1,1,2,1,1,1,1,1,1,1,2,1,2,1,1
1,87,3,3,0,1,1,1,1,1,1,1,1,1,1,1,1,1,1,1,2
2,83,3,3,0,1,1,1,1,1,1,1,1,1,1,1,1,1,1,1,1
1,66,2,3,0,1,1,1,1,1,1,1,1,1,1,1,1,1,1,1,1
1,71,2,2,0,1,1,1,1,1,1,1,1,1,1,1,1,1,1,1,1
2,91,3,3,0,1,1,1,1,1,1,1,1,1,2,1,1,1,1,1,1
1,82,3,4,1,1,1,1,1,1,1,1,1,1,1,1,1,1,1,1,1
1,66,3,3,0,1,1,1,1,1,1,1,1,1,1,1,1,1,1,1,2
2,87,3,4,1,1,1,1,1,1,1,1,1,1,1,1,1,1,1,1,1
2,82,3,3,0,1,1,1,1,1,1,1,1,1,1,1,1,1,1,2,2
2,75,3,3,0,1,1,1,1,1,2,1,1,1,1,1,1,1,1,1,1
2,77,2,3,0,1,1,1,1,1,1,1,1,1,1,1,1,1,1,1,2
1,80,3,3,0,1,1,1,2,1,1,1,2,1,2,1,1,1,2,1,1
1,81,3,3,0,1,1,1,1,1,1,1,1,1,1,1,1,1,1,1,2
1,78,3,3,0,1,1,1,1,1,1,1,1,1,1,1,1,1,1,1,2
2,89,3,3,0,1,1,1,1,1,1,1,1,1,1,1,1,1,1,1,2
2,81,3,3,0,1,1,1,2,1,1,1,1,1,2,1,1,1,1,1,2
1,72,3,4,1,1,1,1,1,1,1,1,1,1,1,1,1,1,1,1,1
2,80,3,3,0,1,1,1,1,1,1,1,1,1,1,1,1,1,1,1,1
1,68,2,3,0,1,1,1,1,1,1,1,1,1,1,1,2,1,2,1,2
1,86,3,3,0,1,1,1,2,1,1,1,2,1,1,1,2,1,2,1,1
2,80,3,3,0,1,1,1,1,1,1,1,1,1,1,1,1,1,1,1,2
2,81,3,3,0,1,1,1,1,1,1,1,1,1,1,1,1,1,1,1,1
1,74,3,3,0,1,1,1,1,1,1,1,1,1,1,1,1,1,1,1,1
2,84,3,3,0,1,1,1,1,1,1,1,1,1,1,1,1,1,1,1,2
1,75,3,3,0,1,1,1,1,1,2,1,1,1,1,1,2,1,2,1,2
1,85,3,3,0,1,1,1,1,1,1,1,1,1,1,1,1,1,1,1,2
2,69,3,3,0,1,1,1,1,1,1,1,1,1,1,1,1,1,1,1,1
2,70,3,3,0,1,1,1,2,1,1,1,1,1,1,1,1,1,1,1,1
2,83,3,3,0,1,1,1,1,1,1,1,1,1,1,1,1,1,1,1,1
2,82,3,3,0,1,1,1,1,1,1,1,1,1,1,2,2,1,1,2,2
2,90,3,4,1,1,1,1,1,1,1,1,1,1,1,1,1,1,1,1,2
1,99,3,3,0,1,1,1,1,1,1,1,1,1,2,1,1,1,1,1,1
1,64,3,3,0,1,1,1,1,1,1,1,1,1,1,1,1,1,1,1,1
2,87,3,3,0,1,1,1,1,1,1,1,1,1,1,1,1,1,1,1,2
1,69,3,4,1,1,1,1,1,1,1,1,1,1,1,1,2,1,2,1,2
2,89,3,3,0,1,1,1,2,1,1,1,1,1,1,1,1,1,1,2,2
2,72,4,4,1,1,1,1,1,1,1,1,1,1,1,2,2,2,2,2,2
1,89,2,3,0,1,1,1,1,1,1,1,2,1,1,1,2,1,2,1,2
1,74,3,4,1,1,1,1,2,1,1,1,1,1,1,1,1,1,1,1,2
2,85,3,3,0,1,1,1,1,1,1,1,1,1,1,1,2,1,2,1,2
1,69,3,3,0,1,1,1,1,1,1,1,1,1,1,1,1,1,1,1,2
2,69,3,3,0,1,1,1,1,1,1,1,1,1,1,1,1,1,1,1,2
1,79,3,3,0,1,1,1,1,1,1,1,1,1,1,1,1,1,1,1,1
2,84,2,3,0,1,1,1,1,1,1,1,1,1,1,1,2,1,1,1,2
1,89,3,3,0,1,1,1,1,1,1,1,1,1,1,1,1,1,1,1,1
2,78,2,3,0,1,2,1,2,1,1,1,2,1,1,1,2,1,2,1,2
2,83,2,3,0,1,1,1,1,1,1,1,1,1,1,1,1,1,1,1,2
1,76,3,3,0,1,1,1,1,1,2,1,2,1,1,1,2,1,2,1,1
2,95,2,3,0,1,1,1,1,1,1,1,1,1,1,1,1,1,1,1,2
1,79,2,3,0,1,1,1,1,1,1,1,1,1,1,1,1,1,1,1,2
2,74,2,3,0,1,1,1,1,1,1,1,1,1,1,1,1,1,1,1,1
1,73,2,3,0,1,1,1,1,1,1,1,1,1,1,1,1,1,1,1,2
2,80,3,3,0,1,1,1,1,1,1,1,1,1,1,1,2,1,2,1,2
1,78,2,3,0,1,1,1,1,1,1,1,1,1,1,1,1,1,1,1,2
2,90,3,3,0,1,1,1,1,1,1,1,1,1,1,1,1,1,1,1,1
1,77,3,3,0,1,1,1,1,1,1,1,1,1,1,1,1,1,1,1,1
1,65,3,3,0,1,1,1,1,1,1,1,1,1,1,1,1,1,1,1,1
2,66,3,3,0,1,1,1,1,1,1,1,1,1,1,1,1,1,1,1,1
1,67,3,3,0,1,1,1,1,1,1,1,1,1,1,1,1,1,1,1,1
2,77,3,3,0,1,1,1,1,1,1,1,1,1,1,1,1,1,1,1,2
1,77,3,4,1,1,1,1,1,1,1,1,1,1,1,1,1,1,1,1,2
1,79,3,4,1,1,2,1,2,1,2,1,2,1,1,1,2,1,2,2,2
2,91,3,4,1,1,1,1,1,1,1,1,1,1,2,1,1,1,1,1,1
2,94,3,3,0,1,1,1,1,1,1,1,2,1,1,1,1,1,1,1,2
2,79,3,3,0,1,1,1,1,1,1,1,1,1,1,1,1,1,1,2,2
1,77,3,3,0,1,1,1,1,1,1,1,1,1,1,1,1,1,1,1,1
2,65,3,4,1,1,1,1,1,1,1,1,1,1,1,1,1,1,1,1,1
1,78,3,4,1,1,1,1,1,1,1,1,1,1,1,1,2,1,2,2,2
2,88,3,3,0,1,2,1,1,1,1,1,1,1,1,1,2,1,2,1,2
1,86,3,3,0,1,1,2,2,1,1,1,2,1,2,1,1,1,1,1,1
2,83,3,3,0,1,1,1,1,1,1,1,1,1,1,1,1,1,1,1,1
1,69,2,3,0,1,1,1,1,1,1,1,1,1,1,1,1,1,1,1,2
1,86,3,3,0,2,2,1,2,1,1,1,1,1,1,1,1,1,2,2,2
2,79,3,3,0,1,1,1,1,1,1,1,1,1,2,1,1,1,1,1,2
2,95,3,4,1,1,1,1,1,1,1,1,1,1,1,1,1,1,1,1,2
1,65,2,3,0,1,1,1,1,1,1,1,1,1,1,1,1,1,1,1,2
1,71,3,3,0,1,1,1,1,1,1,1,1,1,1,1,1,1,1,1,1
2,69,3,4,1,1,1,1,1,1,2,1,1,1,1,1,2,1,2,1,2
2,72,2,3,0,1,1,1,2,1,2,1,2,1,2,1,1,1,1,1,2
2,79,2,3,0,1,1,1,1,1,1,1,1,1,1,1,1,1,1,1,2
2,85,3,3,0,1,1,1,1,1,1,1,1,1,1,1,1,1,1,1,2
2,75,3,4,1,1,1,1,1,1,1,1,1,1,1,1,1,1,1,1,1
2,81,3,4,1,1,1,1,1,1,1,1,2,1,1,1,2,1,2,1,2
1,86,2,4,1,1,1,1,1,1,1,1,1,1,2,1,1,1,1,1,2
2,87,3,3,0,1,1,1,1,1,1,1,1,1,1,1,1,1,2,1,2
1,89,3,3,0,1,1,1,2,1,1,1,1,1,2,1,1,1,1,1,2
2,82,2,3,0,1,1,1,1,1,1,1,1,1,1,1,1,1,1,1,1
1,65,3,4,1,1,1,1,1,1,1,1,1,1,1,1,1,1,1,1,1
2,86,3,3,0,1,1,1,1,1,1,1,1,1,1,1,1,1,2,1,1
2,71,3,3,0,1,1,1,2,1,1,1,1,1,1,1,2,1,2,1,2
2,67,3,3,0,1,1,1,1,1,1,1,1,1,1,1,1,1,1,1,1
2,73,2,3,0,1,1,1,2,1,1,1,2,1,2,1,1,1,1,1,2
1,71,3,3,0,1,1,1,1,1,1,1,1,1,1,1,1,1,1,1,2
1,66,3,4,1,1,1,1,2,1,1,1,1,1,1,1,1,1,1,1,1
1,71,3,3,0,1,1,1,1,1,1,1,1,1,1,1,1,1,2,1,1
2,91,2,3,0,1,1,1,1,1,1,1,1,1,1,1,1,1,1,2,2
2,82,2,4,1,1,1,1,1,1,1,1,1,1,1,1,1,1,1,1,2
2,68,3,3,0,1,1,1,1,1,1,1,1,1,1,1,1,1,1,1,2
1,69,3,3,0,1,1,1,1,1,1,1,2,1,2,1,2,1,2,1,1
2,85,2,3,0,1,1,1,1,1,1,1,1,1,1,1,1,1,1,1,1
1,71,3,3,0,1,1,1,1,1,1,1,1,1,1,1,1,1,1,1,2
1,73,3,3,0,1,1,1,1,1,1,1,1,1,1,1,1,1,1,1,1
1,82,3,3,0,1,1,1,1,1,1,1,1,1,1,1,1,1,1,1,2
2,91,3,3,0,1,1,1,1,1,2,1,1,1,1,1,1,1,1,1,1
2,87,3,4,1,1,1,1,1,1,1,1,1,1,1,1,1,1,1,1,1
2,86,3,3,0,1,1,1,1,1,1,1,1,1,1,1,1,1,1,1,1
2,88,3,3,0,1,1,1,2,1,1,1,1,1,1,1,1,1,1,1,2
1,67,3,3,0,1,1,1,1,1,1,1,1,1,1,1,1,1,1,1,1
2,86,3,3,0,1,1,1,1,1,1,1,1,1,1,1,1,1,1,1,1
1,95,2,2,0,1,1,1,1,1,1,1,1,1,1,1,1,1,1,1,1
1,91,3,3,0,1,1,1,1,1,1,1,1,1,2,1,1,1,1,1,2
2,70,2,3,0,1,1,1,1,1,1,1,1,1,1,1,1,1,1,2,2
2,68,3,3,0,1,1,1,1,1,1,1,1,1,1,1,2,1,1,1,1
1,74,3,3,0,1,1,1,1,1,1,1,1,1,1,1,1,1,1,1,2
1,70,3,3,0,1,1,1,1,1,1,1,1,1,1,1,1,1,1,1,1
1,89,3,3,0,1,1,1,1,1,1,1,1,1,1,1,1,1,1,1,1
2,77,3,3,0,1,1,1,1,1,1,1,1,1,1,1,1,1,1,1,1
2,75,3,3,0,1,1,1,1,1,1,1,1,1,1,1,1,1,1,1,2
2,91,3,3,0,1,1,1,1,1,1,1,1,1,1,1,1,1,1,1,2
2,92,3,3,0,1,1,1,1,1,1,1,1,1,1,1,1,1,1,1,2
1,78,3,3,0,1,1,1,1,1,1,1,1,1,1,1,1,1,1,2,2
2,80,3,3,0,1,1,1,1,1,1,1,2,1,1,1,1,1,1,1,2
2,80,2,3,0,1,1,1,2,1,1,1,1,1,1,1,2,1,2,2,2
1,84,3,3,0,1,2,1,2,1,1,1,1,1,1,1,1,1,1,2,2
2,96,3,4,1,1,1,1,1,1,1,1,1,1,1,1,1,1,1,1,1
2,86,2,2,0,1,1,1,1,1,1,1,1,1,1,1,1,1,1,1,1
2,92,3,3,0,1,1,1,1,1,1,1,1,1,1,1,2,1,1,1,1
2,86,3,3,0,1,1,1,1,1,1,1,1,1,1,1,1,1,1,1,1
2,88,3,3,0,1,1,1,1,1,1,1,1,1,1,1,1,1,1,1,1
2,88,3,4,1,1,2,1,1,1,1,1,1,1,1,1,1,1,1,1,2
1,71,3,3,0,1,1,1,1,1,1,1,1,1,1,1,1,1,1,1,2
2,67,2,4,1,1,1,1,1,1,1,1,1,1,1,1,1,1,1,1,2
2,71,3,3,0,1,1,1,1,1,1,1,1,1,1,1,1,1,1,1,1
1,80,3,3,0,1,1,1,2,1,1,1,1,1,1,1,1,1,1,1,1
1,73,2,3,0,1,1,1,2,1,1,1,2,1,1,1,1,1,1,1,2
1,80,3,3,0,1,1,1,1,1,1,1,1,1,1,1,1,1,1,1,1
2,72,3,4,1,1,1,1,2,1,1,1,2,1,2,1,1,1,1,1,1
2,71,3,3,0,1,1,1,1,1,1,1,1,1,1,1,1,1,1,1,1
2,83,3,4,1,1,1,1,1,1,1,1,1,1,1,1,1,1,1,1,1
2,72,2,4,1,1,2,1,1,1,1,1,1,1,1,1,2,1,2,1,2
1,84,3,3,0,1,1,1,2,1,1,1,1,1,2,1,2,1,2,1,2
2,77,3,4,1,1,1,1,2,1,1,1,1,1,1,1,1,1,1,1,1
2,74,2,3,0,1,1,1,2,1,1,1,1,1,2,1,1,1,2,1,1
1,79,3,3,0,1,1,1,1,1,1,1,1,1,1,1,1,1,1,1,2
2,62,3,3,0,1,1,1,1,1,1,1,1,1,1,1,1,1,1,1,1
2,70,4,4,1,1,1,1,1,1,1,1,1,1,1,1,1,1,1,1,1
1,79,2,3,0,1,1,1,1,1,1,1,1,1,1,1,2,1,2,1,2
1,68,3,3,0,1,1,1,2,1,1,1,1,1,1,1,1,1,1,1,1
2,84,3,3,0,1,1,1,1,1,1,1,1,1,1,1,1,1,1,1,2
2,71,3,4,1,1,1,1,1,1,1,1,1,1,1,1,1,1,1,2,2
1,91,3,3,0,1,1,1,1,1,1,1,1,1,1,1,1,1,1,1,1
2,78,3,4,1,1,1,1,1,1,1,1,1,1,1,1,1,1,1,1,1
2,75,3,3,0,1,1,1,1,1,1,1,1,1,1,1,2,1,1,1,2
2,79,3,3,0,1,1,1,1,1,1,1,1,1,1,1,1,1,1,1,2
2,92,3,3,0,1,1,1,1,1,1,1,1,1,1,1,1,1,1,1,1
1,78,3,4,1,1,1,1,1,1,1,1,1,1,2,1,1,1,1,2,2
2,70,4,4,1,1,1,1,1,1,1,1,1,1,1,1,2,1,1,1,1
1,68,3,3,0,1,1,1,1,1,1,1,1,1,1,1,1,1,1,1,2
1,69,3,4,1,1,1,1,1,1,1,1,1,1,1,1,1,1,1,1,2
2,79,3,3,0,1,1,1,1,1,1,1,1,1,1,1,1,1,1,1,1
2,87,3,4,1,1,1,1,1,1,1,1,1,1,1,1,1,1,2,1,1
1,69,2,4,1,1,1,1,2,1,1,1,1,1,1,1,1,1,1,1,1
1,78,3,3,0,1,1,1,1,1,1,1,1,1,1,1,1,1,1,1,1
1,70,3,3,0,1,1,1,1,1,1,1,1,1,1,1,1,1,1,1,2
2,67,3,3,0,1,1,1,1,1,1,1,1,1,1,1,1,1,1,1,1
2,82,3,3,0,1,1,1,1,1,1,1,1,1,1,1,1,1,1,1,1
1,84,3,3,0,1,1,1,1,1,1,1,2,1,1,1,2,1,1,1,2
1,71,3,3,0,1,1,1,1,1,1,1,1,1,1,1,1,1,1,1,1
1,68,2,3,0,1,1,1,1,1,1,1,1,1,1,1,1,1,1,2,2
2,78,3,3,0,1,1,1,1,1,1,1,1,1,1,1,1,1,1,1,1
1,66,3,4,1,1,1,1,2,1,1,1,1,1,1,1,1,1,1,1,2
1,88,2,3,0,1,2,1,1,1,1,1,1,1,1,1,1,1,1,1,2
1,79,2,3,0,1,1,1,1,1,1,1,1,1,1,1,1,1,1,1,1
1,71,3,3,0,1,1,1,1,1,1,1,1,1,1,1,1,1,1,2,2
2,61,3,3,0,1,1,1,1,1,1,1,1,1,1,1,1,1,1,1,2
2,78,3,3,0,1,2,1,1,1,1,1,1,1,1,1,1,1,1,1,1
2,92,3,4,1,1,2,1,1,1,1,1,1,1,1,1,1,1,1,1,1
1,82,2,3,0,1,1,1,1,1,1,1,1,1,1,1,1,1,1,1,2
2,83,3,4,1,1,1,1,1,1,1,1,1,1,1,1,1,1,1,1,2
1,76,3,4,1,1,1,1,1,1,1,1,1,1,1,1,1,1,1,1,2
2,82,3,4,1,1,1,1,1,1,1,1,1,1,1,1,1,1,1,1,1
2,75,3,3,0,1,1,1,2,1,1,1,1,1,1,1,1,1,1,1,1
2,75,3,4,1,1,1,1,1,1,1,1,1,1,1,1,1,1,1,1,1
1,84,3,3,0,1,1,1,1,1,1,1,1,1,1,1,1,1,1,1,1
2,89,3,3,0,1,1,1,1,1,1,1,1,1,1,1,1,1,1,1,2
1,74,3,3,0,1,1,1,1,1,1,1,1,1,1,1,1,1,1,1,1
2,82,3,3,0,1,1,1,1,1,1,1,1,1,1,1,1,1,1,1,1
1,65,3,3,0,1,1,1,1,1,1,1,1,1,1,1,1,1,1,1,2
2,82,3,3,0,1,1,1,1,1,1,1,1,1,1,1,1,1,1,1,2
2,88,3,3,0,1,1,1,1,1,1,1,1,1,1,1,2,1,1,1,2
1,66,3,3,0,1,2,1,1,1,2,1,2,1,1,1,2,1,2,1,2
2,70,3,3,0,1,1,1,1,1,1,1,1,1,1,1,1,1,1,2,2
1,84,2,3,0,1,1,1,1,1,1,1,1,1,1,1,1,1,1,2,2
1,74,3,3,0,1,1,1,1,1,1,1,1,1,1,1,1,1,1,2,2
2,71,3,3,0,1,1,1,1,1,1,1,1,1,1,1,1,1,1,1,1
2,98,2,3,0,1,1,1,1,1,1,1,1,1,1,1,1,1,1,1,1
2,84,2,3,0,1,1,1,1,1,1,1,1,1,2,1,2,1,2,1,2
2,82,3,3,0,1,1,1,1,1,1,1,1,1,1,1,1,1,1,1,1
2,94,3,3,0,1,1,1,1,1,1,1,1,1,1,1,1,1,1,1,2
2,59,3,3,0,1,1,1,2,1,1,1,2,1,2,1,1,1,1,1,1
2,83,3,3,0,1,1,1,1,1,1,1,1,1,1,1,2,1,2,1,2
1,69,2,4,1,1,1,1,1,1,1,1,1,1,1,1,2,1,2,1,2
2,83,3,3,0,1,1,1,2,1,1,1,1,1,1,1,1,1,1,1,1
2,90,3,3,0,1,1,1,1,1,1,1,1,1,1,1,2,1,2,1,2
1,88,3,3,0,1,1,1,1,1,1,1,1,1,1,1,2,1,1,1,2
2,88,3,3,0,1,1,1,1,1,1,1,1,1,1,1,1,1,1,1,2
2,69,2,3,0,1,1,1,1,1,1,1,1,1,1,1,1,1,1,1,1
1,71,3,3,0,1,1,1,1,1,1,1,1,1,1,1,1,1,1,1,2
1,72,4,4,1,1,1,1,1,1,1,1,1,1,1,1,1,1,1,1,1
2,76,3,3,0,1,1,1,2,1,1,1,1,1,1,1,1,1,1,1,2
2,65,3,4,1,1,2,1,2,1,1,1,2,1,1,1,2,1,2,1,2
2,80,2,3,0,1,2,1,2,1,1,1,1,1,1,1,2,1,2,2,2
2,78,3,3,0,1,1,1,1,1,1,1,1,1,1,1,1,1,1,1,1
1,66,2,3,0,1,1,1,1,1,1,1,1,1,1,1,1,1,1,1,2
1,76,2,3,0,1,1,1,1,1,1,1,1,1,1,1,1,1,1,1,2
1,83,3,3,0,1,1,1,1,1,1,1,1,1,1,1,1,1,1,1,2
2,98,3,3,0,1,1,1,2,1,1,1,1,1,1,1,2,1,2,2,2
1,79,3,3,0,1,1,1,1,1,1,1,1,1,2,1,1,1,1,1,1
1,82,3,3,0,1,1,1,1,1,1,1,1,1,1,1,1,1,1,1,2
1,79,3,3,0,1,1,1,1,1,1,1,1,1,1,1,1,1,1,1,1
2,80,3,4,1,1,2,1,1,1,1,1,1,1,1,1,1,1,1,1,1
2,72,3,3,0,1,2,1,1,1,1,1,1,1,2,1,1,1,1,1,1
1,79,3,3,0,1,1,1,1,1,2,1,2,1,1,1,2,1,1,2,2
1,75,2,3,0,1,1,1,1,1,1,1,1,1,1,1,1,1,2,1,2
1,69,3,3,0,1,1,1,1,1,1,1,1,1,1,1,1,1,1,1,2
2,92,3,3,0,1,1,1,1,1,1,1,1,1,1,1,1,1,1,1,2
1,79,3,3,0,1,1,1,1,1,1,1,2,1,1,1,1,1,1,1,1
2,64,3,3,0,1,1,1,1,1,1,1,1,1,1,1,1,1,1,1,1
2,85,3,3,0,1,1,1,1,1,1,1,1,1,1,1,1,1,1,1,2
1,75,3,3,0,1,1,1,1,1,1,1,1,1,1,1,1,1,1,1,1
1,85,3,3,0,1,1,1,1,1,1,1,1,1,1,1,1,1,1,1,2
2,80,3,3,0,1,1,1,1,1,2,1,1,1,1,1,1,1,1,1,1
1,88,3,4,1,1,1,1,2,1,1,1,1,1,1,1,1,1,1,1,1
2,76,3,3,0,1,2,1,1,1,1,1,1,1,2,1,2,1,2,2,2
2,63,2,3,0,1,1,1,1,1,1,1,1,1,1,1,1,1,1,1,1
2,71,3,3,0,1,1,1,1,1,1,1,1,1,1,1,1,1,1,1,1
2,83,2,4,1,1,2,1,2,1,1,1,2,1,2,1,2,1,2,1,2
2,74,3,4,1,1,1,1,1,1,1,1,1,1,1,1,1,1,1,1,2
2,74,2,4,1,1,1,1,1,1,1,1,1,1,1,1,2,1,2,1,2
2,73,3,3,0,1,1,1,1,1,1,1,1,1,1,1,1,1,1,1,1
1,82,3,3,0,1,1,1,1,1,1,1,1,1,1,1,1,1,1,1,1
1,84,3,3,0,1,1,1,1,1,1,1,1,1,1,1,1,1,1,1,1
1,91,3,3,0,1,1,1,1,1,1,1,1,1,1,1,1,1,1,1,1
2,72,3,3,0,1,1,1,1,1,1,1,1,1,1,1,1,1,1,1,1
1,63,3,4,1,1,1,1,1,1,1,1,1,1,1,1,1,1,1,1,2
2,77,3,3,0,1,1,1,1,1,1,1,1,1,1,1,1,1,1,1,2
1,92,3,3,0,1,1,1,1,1,1,1,1,1,1,1,1,1,1,2,2
2,84,2,3,0,1,1,1,1,1,1,1,1,1,1,1,1,1,1,1,1
1,82,3,3,0,1,1,1,1,1,1,1,1,1,1,1,1,1,1,1,1
2,71,3,4,1,1,1,1,1,1,1,1,1,1,1,1,1,1,1,1,1
2,80,3,4,1,1,1,1,1,1,1,1,1,1,1,1,1,1,1,1,1
1,67,2,3,0,1,1,1,1,1,1,1,2,1,1,1,1,1,1,1,2
2,81,3,3,0,1,1,1,1,1,1,1,1,1,1,1,1,1,1,1,1
1,81,2,4,1,1,1,1,2,1,1,1,1,1,1,1,1,1,1,1,2
1,70,2,3,0,1,1,1,1,1,1,1,1,1,1,1,1,1,1,1,2
1,84,3,3,0,1,1,1,1,1,1,1,1,1,1,1,1,1,1,1,1
1,81,3,3,0,1,1,1,1,1,1,1,1,1,1,1,1,1,1,1,1
2,85,3,3,0,1,1,1,1,1,1,1,1,1,1,1,1,1,1,1,1
2,90,3,3,0,1,1,1,1,1,1,1,1,1,1,1,1,1,1,1,1
1,90,3,3,0,1,1,1,1,1,1,1,1,1,1,1,1,1,1,1,1
2,79,3,4,1,1,1,1,1,1,1,1,1,1,1,1,1,1,1,1,1
2,93,2,3,0,1,1,1,1,1,1,1,1,1,1,1,1,1,2,1,2
2,84,2,3,0,1,1,1,1,1,1,1,1,1,1,1,1,1,1,1,1
1,80,3,3,0,1,1,1,1,1,1,1,1,1,2,1,2,1,1,1,2
1,76,3,3,0,1,1,1,1,1,1,1,1,1,2,1,2,1,2,1,2
1,74,3,3,0,1,1,1,1,1,1,1,1,1,1,1,1,1,1,1,2
2,84,3,3,0,1,1,1,1,1,1,1,1,1,1,1,1,1,1,1,1
1,73,3,3,0,1,1,1,1,1,1,1,1,1,1,1,1,1,1,1,2
2,67,3,3,0,1,1,1,1,1,1,1,1,1,1,1,1,1,1,1,2
1,82,3,3,0,1,1,1,1,1,1,1,1,1,1,1,1,1,1,1,1
2,79,2,3,0,1,1,1,1,1,1,1,1,1,1,1,1,1,1,1,2
1,74,3,4,1,1,1,1,1,1,1,1,1,1,1,1,1,1,2,1,2
2,73,2,3,0,1,1,1,1,1,1,1,1,1,1,1,1,1,1,1,1
1,84,3,3,0,1,1,1,1,1,1,1,1,1,1,1,2,1,2,2,2
2,80,2,4,1,1,1,1,1,1,1,1,2,1,1,1,1,1,1,1,1
2,80,3,3,0,1,1,1,1,1,1,1,1,1,1,1,1,1,1,1,2
2,85,3,3,0,1,1,1,1,1,1,1,1,1,1,1,1,1,1,1,1
2,70,3,4,1,1,1,1,1,1,1,1,1,1,1,1,1,1,1,1,1
1,81,3,3,0,1,1,1,2,1,1,1,2,1,1,1,1,1,1,1,1
1,82,3,3,0,1,1,1,1,1,1,1,1,1,1,1,1,1,1,1,2
1,75,3,3,0,1,1,1,1,1,1,1,1,1,1,1,1,1,1,1,2
2,71,3,3,0,1,1,1,1,1,1,1,1,1,1,1,1,1,1,1,2
2,87,3,3,0,1,1,1,1,1,1,1,1,1,1,1,1,1,1,1,1
2,80,3,3,0,1,2,1,2,1,1,1,2,1,1,1,2,1,2,1,2
1,82,2,3,0,1,1,1,1,1,1,1,1,1,1,1,1,1,1,1,2
1,82,3,3,0,1,1,1,1,1,1,1,1,1,1,1,1,1,1,1,1
2,88,3,3,0,1,1,1,1,1,1,1,1,1,1,1,1,1,1,1,1
2,80,3,3,0,1,1,1,1,1,1,1,1,1,1,1,1,1,1,1,2
1,83,3,3,0,1,1,1,1,1,1,1,1,1,1,1,1,1,1,1,1
1,70,3,3,0,1,1,1,1,1,1,1,1,1,1,1,1,1,1,1,1
1,90,3,3,0,1,1,1,1,1,1,1,1,1,1,1,1,1,1,1,2
1,63,3,4,1,1,1,1,1,1,1,1,1,1,1,1,1,1,1,1,1
1,87,2,3,0,1,1,1,1,1,1,1,1,1,1,1,1,1,1,1,2
2,86,3,3,0,1,1,1,1,1,1,1,1,1,1,1,1,1,1,1,2
2,73,3,3,0,1,1,1,1,1,1,1,1,1,1,1,1,1,1,1,1
2,81,3,3,0,1,1,1,1,1,1,1,1,1,1,1,1,1,1,1,2
1,68,3,3,0,1,1,1,1,1,1,1,2,1,1,1,1,1,1,1,1
1,86,3,4,1,1,1,1,1,1,1,1,1,1,1,1,1,1,1,1,2
2,82,3,3,0,1,1,1,1,1,1,1,1,1,1,1,1,1,1,1,1
2,80,3,3,0,1,1,1,1,1,1,1,1,1,1,1,1,1,1,1,1
2,76,3,3,0,1,1,2,2,1,1,1,1,1,1,1,2,1,2,1,1
2,79,3,3,0,1,1,1,1,1,1,1,1,1,1,1,1,1,1,1,1
2,75,3,3,0,1,1,1,2,1,1,1,1,1,1,1,1,1,2,1,2
2,85,3,3,0,1,1,1,1,1,1,1,1,1,1,1,1,1,1,1,1
2,93,3,3,0,1,1,1,1,1,1,1,1,1,1,1,1,1,1,1,1
2,63,3,3,0,1,1,1,1,1,1,1,1,1,1,1,1,1,1,1,1
1,82,3,4,1,1,1,1,1,1,1,1,1,1,1,1,1,1,1,1,1
2,93,2,3,0,1,1,1,1,1,1,1,1,1,2,1,1,1,1,1,2
2,77,3,3,0,1,1,1,1,1,1,1,1,1,1,1,1,1,1,1,2
2,60,2,3,0,1,1,1,1,1,1,1,1,1,1,1,1,1,1,1,1
1,69,2,3,0,1,1,1,1,1,1,1,1,1,1,1,1,1,1,1,2
1,80,3,4,1,1,1,1,1,1,1,1,1,1,1,1,1,1,1,1,2
1,65,3,3,0,1,1,1,1,1,1,1,1,1,2,1,2,1,2,1,2
2,75,3,3,0,1,1,1,1,1,1,1,1,1,1,1,1,1,1,2,2
1,71,3,4,1,1,1,1,1,1,1,1,2,1,1,1,1,1,1,1,1
2,83,2,3,0,1,1,1,2,1,1,1,2,1,1,1,1,1,1,1,1
1,87,2,3,0,1,2,1,1,1,1,1,2,1,2,1,2,1,2,1,2
1,84,3,3,0,1,1,1,2,1,1,1,1,1,1,1,1,1,1,1,1
1,64,3,3,0,1,1,1,1,1,1,1,1,1,1,1,1,1,1,1,1
1,69,2,3,0,1,1,1,1,1,1,1,1,1,1,1,1,1,1,1,1
1,78,3,4,1,1,1,1,1,1,1,1,1,1,1,1,1,1,1,1,2
2,83,3,3,0,1,1,1,1,1,1,1,1,1,1,1,1,1,1,1,2
1,76,3,3,0,1,1,1,1,1,1,1,1,1,1,1,1,1,1,2,2
2,81,3,3,0,1,1,1,1,1,1,1,1,1,1,1,1,1,1,1,1
2,69,3,3,0,1,2,1,1,1,1,1,2,1,2,1,1,1,1,1,2
2,74,3,3,0,1,1,1,1,1,1,1,1,1,1,1,1,1,1,1,1
2,91,3,3,0,1,2,1,1,1,1,1,1,1,1,1,1,1,1,1,1
1,74,3,3,0,1,1,1,1,1,1,1,1,1,1,1,1,1,1,1,2
